{
  "version": 1,
  "type": "aelf",
  "nickName": "",
  "address": "22Qv7t2uzoDpuoqnYr3CbefRyoHYmRdDePow8G7efZARrw5EMj",
  "crypto": {
    "cipher": "aes-128-ctr",
    "ciphertext": "20940c89317150749a43f7aaf29431f587c314098555ab3ab0f18c3cfa6e482e",
    "cipherparams": {
      "iv": "7c61f161d01f2ba8d491140e6bf09475"
    },
    "mnemonicEncrypted": "86ed94e8689dd0382b3cbb94a56102e9f5ed961bbcd02d8144d0f40edbb10c1e2ca4749d71f7c1d44277763dd61dcab407c609267edb506be5e15f632cabf1398f9850d690710fc97db7dd1a3f87769d",
    "kdf": "scrypt",
    "kdfparams": {
      "r": 8,
      "n": 8192,
      "p": 1,
      "dklen": 32,
      "salt": "cc575f3592793de4dcde36ea3c45ef53e823505b9ab997bc7a10b431d0a84520"
    },
    "mac": "63cb0c275089a87a4bf89af02d462d0816b1d7655a3ed15a6b748d5ec6d20580"
  }
}