{
  "version": 1,
  "type": "aelf",
  "nickName": "",
  "address": "2AYiN2a2y38CEyJVvWWUyupAuxx1msR1LkFQKJuPV6oyPXsyFb",
  "crypto": {
    "cipher": "aes-128-ctr",
    "ciphertext": "9fa671f4f64fe4b1caec4ba5784a835c9c9d56b7b585cbaccab27f8955c463f0",
    "cipherparams": {
      "iv": "06579b4a401747aa4673a76de371d7ae"
    },
    "mnemonicEncrypted": "526857414f41dd6599e52e80d435748f70975e820b13a2339797363ae55cc1539a45a400ba367ef4f7c5845b0907c8d1960c2a5a242ecc898c958f056f3e0b1c79ce297d798b4da0e7e2",
    "kdf": "scrypt",
    "kdfparams": {
      "r": 8,
      "n": 8192,
      "p": 1,
      "dklen": 32,
      "salt": "8cef0b13972c46d79be9531bff7c902440de56c58232e093524546268f2eef4b"
    },
    "mac": "1fba80987818c50ab91bb8a9efe927407cfbcfdd71c6d4329fa1fd75f668694d"
  }
}