{
  "version": 1,
  "type": "aelf",
  "nickName": "",
  "address": "2HhhyUj2ocheHJYmdDBpaNr6jg85q4B9SuSJagYWPRiyrsTFq6",
  "crypto": {
    "cipher": "aes-128-ctr",
    "ciphertext": "f00a8ed6d7ffa667db2b17585634fe430340d7f3c0a59f4befb2b9687988009b",
    "cipherparams": {
      "iv": "a8f81499178c1cf70b7898c493f0f5f2"
    },
    "mnemonicEncrypted": "90ebc2aae5395e54cc1fecdd95e608342bfeb6296dc9cb59224912eba0c585e46e70036305e78c1aa3b9f2a82ce16f8ea9baf991da7fdbe0bffb7421cacf6baa711e2d8cac53b8a86a52dba86603f7441ee1368023",
    "kdf": "scrypt",
    "kdfparams": {
      "r": 8,
      "n": 8192,
      "p": 1,
      "dklen": 32,
      "salt": "c2bb98a73488f2fad7c63d3a665d3d0c2f95f95aa8a9a7aa728c578d88feaace"
    },
    "mac": "8d374e4e03b243c82643d5092cd3be08a155d0abff984240fbc767246e198302"
  }
}