{
  "version": 1,
  "type": "aelf",
  "nickName": "",
  "address": "2TCsakzRz4fsdn3MiLCQhkQrQ7bwNnM4gNvsBSwpdDqe6ccpep",
  "crypto": {
    "cipher": "aes-128-ctr",
    "ciphertext": "da2a33272634f6db1adbf2dadf4921719a66d52abd12c1dfa7f8deb7963622b0",
    "cipherparams": {
      "iv": "f671bb83e7e45d16f3fb5a79b2da506f"
    },
    "mnemonicEncrypted": "47be222cb4b76fc4c2d2c3fea4997a85626f007814698c0fa8fe224fea908535e199da1bb1c5f4158655a6daa012d43ae554ca36f2813bbaafd2ad98f9708da188457350a2f52f68d4f5a0f60c",
    "kdf": "scrypt",
    "kdfparams": {
      "r": 8,
      "n": 8192,
      "p": 1,
      "dklen": 32,
      "salt": "4fa0b80434be5b441cbda85addc6f1285e99f6ec79fef27a0517b4e063f103d0"
    },
    "mac": "d60919020d5c8b116995034a40490a31f58b535f1bd0059d436c7a68b988349c"
  }
}