{
  "version": 1,
  "type": "aelf",
  "nickName": "",
  "address": "2UoRRKSi6PZaBjLfe7ABeFRMRkecPaupb4Cus4X6XkYmPxpY2M",
  "crypto": {
    "cipher": "aes-128-ctr",
    "ciphertext": "42c637edfd905dd8c0e99e496d09ff2e09e9a54b77d630e5eaf489bc9cc90543",
    "cipherparams": {
      "iv": "33b4bcc5b9607f03dda0d407a0a555a5"
    },
    "mnemonicEncrypted": "a48bb8db437d1929a45d5386769d267716134fc27589c7ea39a8f2db83339d5a943e3bffd7d2e1c32c6a44db6a93539da251574c5ddd7f2eac93c5bcdc07abe25d0f8c0c82685a3de5d0",
    "kdf": "scrypt",
    "kdfparams": {
      "r": 8,
      "n": 8192,
      "p": 1,
      "dklen": 32,
      "salt": "3a8e0f7a12019e6732406a5ed60d14f80b001de45298df98a063290c5fa63f1f"
    },
    "mac": "b149d134ed6a2829f073a3fb3dcae2dfcfda2f90207a97808ccfa0b461037c38"
  }
}