{
  "version": 1,
  "type": "aelf",
  "nickName": "",
  "address": "3M8EPApFZ5PRaSsNS3SnTV4KVPeW4M8NQ65hWV7xHmr1TcGMB",
  "crypto": {
    "cipher": "aes-128-ctr",
    "ciphertext": "525d46dc357b9c96aeacc770a4c5e312e1ff13bed2a42542bb812d21ffd927ea",
    "cipherparams": {
      "iv": "57afb14741d617c5df1021740c2f5312"
    },
    "mnemonicEncrypted": "73f06049fbfcfd49df3753e5eae9bf629087f7a177f0161883b629d7319a15a4ba7244aaf7bac9d21b32a60aeac9675216c48bdc03937557c16b360e2bc21a09335b7a",
    "kdf": "scrypt",
    "kdfparams": {
      "r": 8,
      "n": 8192,
      "p": 1,
      "dklen": 32,
      "salt": "8504c179a5f1526539a8a373492563cd4715f4753653a6f7ff510b8c493b9734"
    },
    "mac": "0c2750cfc0d57223572ff9c4c3216f79051ffba9150c9e81a5f7a787293725dd"
  }
}