{
  "version": 1,
  "type": "aelf",
  "nickName": "",
  "address": "DmjQGuGNcNQ55o5JNboWho6QvwynWnSt5njipvBeD3RNXxPoA",
  "crypto": {
    "cipher": "aes-128-ctr",
    "ciphertext": "d686eb3c7aefaaa051414f163ea44d8caddeae976fbbd205f5e06bedfd4f69b0",
    "cipherparams": {
      "iv": "bbeeecc12eb3372084276081c8d0494f"
    },
    "mnemonicEncrypted": "94e51cbfa51be2b2981a969721b903691180c1580ccfdd6d2515199f5e17c27ed2e66f29abdfb75bffed496a20654b90798531301c2d4fd952b7a7f949a3c28e08c26e84e2a3",
    "kdf": "scrypt",
    "kdfparams": {
      "r": 8,
      "n": 8192,
      "p": 1,
      "dklen": 32,
      "salt": "f28daea488cb507efe68f3d796a62b78352062c20f7108cf7495acc2bfa2a0cc"
    },
    "mac": "96b368e0138475be510b03c6ad0984b4d5d67588387e449cead1fe23707c8912"
  }
}