{
  "version": 1,
  "type": "aelf",
  "nickName": "",
  "address": "T6DHN8mBSGeYS2GPFbnPgzVBGdRmwYqAdugYzrt2uz7FpUZci",
  "crypto": {
    "cipher": "aes-128-ctr",
    "ciphertext": "435e7f7e5a79249738941115d671d8bdb1eb044884209203d5a8948670d95baa",
    "cipherparams": {
      "iv": "f3c075d8d3a38aa4726d60c4dedfc964"
    },
    "mnemonicEncrypted": "2571ba912152c81b5e0c1f77f46909308f04824329595bc2665555764fa8d74f2271509e3a8f612f96555e1b064b1303d9179b3231e5576cbfabc8e5f7bbad057a846fd5f0ddb6a6eb8ff9",
    "kdf": "scrypt",
    "kdfparams": {
      "r": 8,
      "n": 8192,
      "p": 1,
      "dklen": 32,
      "salt": "13a7b2c14b6532f0948db518b58d92ec24749fcce37a1c9f33f94dcdbcb09b95"
    },
    "mac": "e06afe1ee07e81286500bd5ac881f7f00aad5342e175ea46ea437e693ab29b5f"
  }
}